﻿{"cameraMode":{"drawMode":0,"name":"Shaded","section":"Shading Mode"},"sceneLighting":true,"audioPlay":false,"sceneViewState":{"m_AlwaysRefresh":false,"showFog":true,"showSkybox":true,"showFlares":true,"showImageEffects":true,"showParticleSystems":true,"showVisualEffectGraphs":true,"m_FxEnabled":true},"in2DMode":false,"pivot":{"x":1.3806599378585816,"y":2.0,"z":-0.6301479339599609},"rotation":{"x":0.24871279299259187,"y":0.1058051809668541,"z":-0.02734331041574478,"w":0.9623937010765076},"size":12.12435531616211,"orthographic":true}