﻿{"cameraMode":{"drawMode":0,"name":"Shaded","section":"Shading Mode"},"sceneLighting":false,"audioPlay":false,"sceneViewState":{"m_AlwaysRefresh":false,"showFog":true,"showSkybox":false,"showFlares":true,"showImageEffects":true,"showParticleSystems":true,"showVisualEffectGraphs":true,"m_FxEnabled":true},"in2DMode":false,"pivot":{"x":0.0,"y":1.4147826433181763,"z":0.0},"rotation":{"x":-0.1873922199010849,"y":0.25512778759002688,"z":-0.05047224089503288,"w":-0.9472313523292542},"size":3.317333459854126,"orthographic":false}